{"x_min": -1.3432300090789795, "x_max": 1.4015181064605713, "data_mean": -6.586288879737465e-05, "data_std": 0.08530798588971493}