{"sample_rate": 22050, "n_fft": 1000, "hop_length": 256, "frame_size": 256, "n_mels": 64, "min_freq": 0, "max_freq": 8000, "x_max": 1.4015181064605713, "x_min": -1.3432300090789795, "data_mean": -6.586288879737465e-05, "data_std": 0.08530798588971493}